"Refs","Value","Footprint","Qty","DNP","Off-board"
"C1","470µF 63V","Capacitor_THT:CP_Radial_D10.0mm_P5.00mm","1","",""
"C2-C9","0.1µF","Capacitor_THT:C_Disc_D5.0mm_W2.5mm_P2.50mm","8","",""
"D1","SMBJ48CA","Diode_SMD:D_SMB_Handsoldering","1","",""
"D2","1N4007","Diode_THT:D_DO-41_SOD81_P10.16mm_Horizontal","1","",""
"F1","0.5 A fast","Fuse:Fuseholder_Clip-5x20mm_Littelfuse_111_Inline_P20.00x5.00mm_D1.05mm_Horizontal","1","",""
"J1","24 VAC","Connector_Phoenix_MC_HighVoltage:PhoenixContact_MC_1,5_2-G-5.08_1x02_P5.08mm_Horizontal","1","",""
"J2","Mode in 24 VAC","Connector_Phoenix_MC_HighVoltage:PhoenixContact_MC_1,5_2-G-5.08_1x02_P5.08mm_Horizontal","1","",""
"J3","XDB307 liquid","Connector_JST:JST_XH_B3B-XH-A_1x03_P2.50mm_Vertical","1","",""
"J4","XDB307 vapor","Connector_JST:JST_XH_B3B-XH-A_1x03_P2.50mm_Vertical","1","",""
"J5","XDB307 t.suction","Connector_JST:JST_XH_B3B-XH-A_1x03_P2.50mm_Vertical","1","",""
"J6","TH1 suction","Connector_JST:JST_XH_B2B-XH-A_1x02_P2.50mm_Vertical","1","",""
"J7","TH2 liquid","Connector_JST:JST_XH_B2B-XH-A_1x02_P2.50mm_Vertical","1","",""
"J8","SHT30 FS400","Connector_Phoenix_MC_HighVoltage:PhoenixContact_MC_1,5_4-G-5.08_1x04_P5.08mm_Horizontal","1","",""
"J9","TH3 t.suction","Connector_JST:JST_XH_B2B-XH-A_1x02_P2.50mm_Vertical","1","",""
"R1,R3,R5,R7","10k 1%","Resistor_THT:R_Axial_DIN0207_L6.3mm_D2.5mm_P10.16mm_Horizontal","4","",""
"R2,R4,R6","20k 1%","Resistor_THT:R_Axial_DIN0207_L6.3mm_D2.5mm_P10.16mm_Horizontal","3","",""
"R8","15k 1%","Resistor_THT:R_Axial_DIN0207_L6.3mm_D2.5mm_P10.16mm_Horizontal","1","",""
"R9,R10,R15","10k 0.1%","Resistor_THT:R_Axial_DIN0207_L6.3mm_D2.5mm_P10.16mm_Horizontal","3","",""
"R11,R13","4.7k ½W","Resistor_THT:R_Axial_DIN0309_L9.0mm_D3.2mm_P12.70mm_Horizontal","2","",""
"R12,R14","10k","Resistor_THT:R_Axial_DIN0207_L6.3mm_D2.5mm_P10.16mm_Horizontal","2","",""
"TH1,TH2","10k NTC B3950","","2","","Excluded from board"
"TH3","10k NTC B3950","","1","DNP","Excluded from board"
"U1","ESP32 DevKit","hvac_carrier:ESP32_DevKit_30pin_W25.4mm","1","",""
"U2","LM2596HV","hvac_carrier:LM2596HVS_Module","1","",""
"U3","ADS1115 0x48","hvac_carrier:ADS1115_Module","1","",""
"U4","ADS1115 0x49","hvac_carrier:ADS1115_Module","1","",""
"U5,U6","H11AA1","Package_DIP:DIP-6_W7.62mm_Socket","2","",""
